pertanyaan,Taksonomi
Penulisan ejaan kata yang bercetak miring pada paragraf tersebut adalah ....,C1 - Pengetahuan
Berikut adalah penulisan ejaan yang digunakan untuk kata yang dicetak miring dalam paragraf tersebut...,C1 - Pengetahuan
Penulisan ejaan kata yang ditulis dalam huruf miring pada paragraf tersebut adalah ....,C1 - Pengetahuan
Berikut adalah penulisan ejaan kata yang ditulis dalam huruf miring pada paragraf tersebut....,C1 - Pengetahuan
Perbaikan ejaan pada kata yang dicetak miring adalah,C1 - Pengetahuan
Perbaikan ejaan untuk kata yang ditulis dalam huruf miring adalah sebagai berikut....,C1 - Pengetahuan
Perbaikan ejaan untuk kata yang ditulis dalam huruf miring adalah ...,C1 - Pengetahuan
Kesalahan penggunaan ejaan pada paragraf tersebut adalah ....,C1 - Pengetahuan
Kesalahan dalam penggunaan ejaan pada paragraf tersebut dapat diidentifikasi sebagai ....,C1 - Pengetahuan
Kesalahan dalam penggunaan ejaan pada paragraf tersebut adalah ....,C1 - Pengetahuan
Kesalahan penggunaan ejaan pada paragraf tersebut adalah ....,C1 - Pengetahuan
Kesalahan yang terdapat dalam penggunaan ejaan pada paragraf tersebut adalah ....,C1 - Pengetahuan
Kesalahan dalam penggunaan ejaan pada paragraf tersebut adalah ....,C1 - Pengetahuan
Penulisan kalimat dengan ejaan yang benar adalah ....,C1 - Pengetahuan
Berikut ini adalah contoh penulisan kalimat dengan ejaan yang benar ...,C1 - Pengetahuan
Di bawah ini disajikan contoh penulisan kalimat dengan ejaan yang benar ...,C1 - Pengetahuan
Berikut adalah contoh penulisan kalimat dengan ejaan yang benar,C1 - Pengetahuan
Berikut ini merupakan contoh-contoh penulisan kalimat dengan menggunakan ejaan yang benar ...,C1 - Pengetahuan
Perbaikan tata kalimat yang dicetak tebal pada paragraf tersebut adalah,C1 - Pengetahuan
Penulisan ejaan yang benar pada kalimat tersebut adalah ....,C1 - Pengetahuan
Penulisan kalimat sesuai ejaan yang benar adalah ....,C1 - Pengetahuan
Kalimat tersebut bila disalin dan disempurnakan kata-kata bakunya adalah ....,C1 - Pengetahuan
Kalimat saran dalam rubrik surat pembaca di atas terdapat pada nomor....,C1 - Pengetahuan
Kalimat saran dalam rubrik surat pembaca tersebut dapat ditemukan pada nomor ...,C1 - Pengetahuan
Penggabungan kedua kalimat tunggal tersebut yang tepat adalah ....,C1 - Pengetahuan
Gabungan yang tepat dari kedua kalimat tunggal tersebut adalah ....,C1 - Pengetahuan
Ejaan yang tepat untuk memperbaiki kalimat garis bawah adalah . . . .,C1 - Pengetahuan
"Untuk memperbaiki kalimat dengan garis bawah, ejaan yang benar adalah sebagai berikut...",C1 - Pengetahuan
Berikut ini adalah perbaikan ejaan yang benar untuk kalimat dengan garis bawah...,C1 - Pengetahuan
Penulisan yang benar untuk kalimat yang bercetak miring adalah . . .,C1 - Pengetahuan
Berikut adalah penulisan yang tepat untuk kalimat yang dicetak miring...,C1 - Pengetahuan
Kalimat yang tepat untuk melengkapi paragraf rumpang di atas adalah …,C1 - Pengetahuan
Kalimat yang sesuai untuk melengkapi paragraf yang tidak lengkap di atas adalah ....,C1 - Pengetahuan
Kalimat yang sesuai untuk melengkapi paragraf rumpang di atas adalah ....,C1 - Pengetahuan
Penulisan kaidah yang benar pada kalimat tersebut adalah ....,C1 - Pengetahuan
Berikut ini adalah penulisan kaidah yang benar pada kalimat tersebut...,C1 - Pengetahuan
Penggunaan ejaan yang tepat untuk kalimat di atas adalah ....,C1 - Pengetahuan
Ejaan yang tepat sesuai kaidah yang benar adalah ....,C1 - Pengetahuan
Ejaan yang tepat dan sesuai dengan kaidah yang benar adalah ....,C1 - Pengetahuan
Ejaan yang benar dan sesuai dengan kaidah adalah ....,C1 - Pengetahuan
Penulisan kata ulang yang tepat adalah ....,C1 - Pengetahuan
Penulisan yang tepat untuk kata yang diulang adalah ....,C1 - Pengetahuan
Penulisan kata yang benar untuk melengkapi kalimat yang rumpang tersebut adalah....,C1 - Pengetahuan
Kata berimbuhan yang baku untuk melengkapi kalimat tersebut adalah ....,C1 - Pengetahuan
Kata yang memiliki imbuhan yang baku untuk melengkapi kalimat tersebut adalah ....,C1 - Pengetahuan
Kata yang memiliki awalan atau akhiran yang sesuai dengan kaidah untuk melengkapi kalimat tersebut adalah ....,C1 - Pengetahuan
Kata bentukan yang tepat untuk melengkapi kalimat tersebut adalah,C1 - Pengetahuan
Kata yang dibentuk secara tepat untuk melengkapi kalimat tersebut adalah ....,C1 - Pengetahuan
Perbaikan kata yang bercetak miring pada paragraf tersebut adalah,C1 - Pengetahuan
Perbaikan untuk kata yang dicetak miring pada paragraf tersebut adalah ...,C1 - Pengetahuan
Perbaikan yang diperlukan untuk kata yang dicetak miring pada paragraf tersebut adalah ....,C1 - Pengetahuan
Penggunaan kata berimbuhan tanda tangan yang tepat adalah ....,C1 - Pengetahuan
"Penggunaan kata dengan imbuhan ""tanda tangan"" yang tepat adalah ....",C1 - Pengetahuan
Kata yang tepat untuk melengkapi kata dalam kurung adalah ....,C1 - Pengetahuan
Kata yang cocok untuk melengkapi kata dalam tanda kurung adalah ....,C1 - Pengetahuan
Kata yang sesuai untuk melengkapi kata dalam tanda kurung adalah ....,C1 - Pengetahuan
Kata hubung yang tepat untuk melengkapi kalimat di atas adalah ....,C1 - Pengetahuan
Kata penghubung yang sesuai untuk melengkapi kalimat di atas adalah ....,C1 - Pengetahuan
Kata penghubung yang tepat untuk melengkapi kalimat di atas adalah ....,C1 - Pengetahuan
"Perbaikan penulisan meng-kreasi, musaik, meperlukan yang tepat adalah ....",C1 - Pengetahuan
Perbaikan penggunaan kata porak poranda yang tepat adalah ....,C1 - Pengetahuan
"Perbaikan yang tepat untuk penggunaan kata ""porak poranda"" adalah ....",C1 - Pengetahuan
Penulisan kata yang tercetak tebal pada kalimat tersebut adalah …,C1 - Pengetahuan
Perbaikan tanda baca yang tepat kalimat di atas adalah …,C1 - Pengetahuan
Penggunaan tanda baca yang salah pada kalimat tersebut adalah....,C1 - Pengetahuan
Pengunaan tanda baca pada kalimat dialog berikut ini yang salah adalah ....,C1 - Pengetahuan
Penggunaan tanda baca yang salah pada kalimat dialog berikut adalah ....,C1 - Pengetahuan
Tanda baca yang tepat untuk mengisi (....) adalah ....,C1 - Pengetahuan
Penggunaan tanda koma setelah kata seperti pada paragraf tersebut salah yang benar adalah ....,C1 - Pengetahuan
"Penggunaan tanda koma setelah kata ""seperti"" pada paragraf tersebut salah, yang seharusnya adalah ....",C1 - Pengetahuan
Penggunaan tanda baca yang tidak tepat pada kalimat tercetak miring pada paragraf tersebutadalah,C1 - Pengetahuan
Tanda baca yang tepat untuk melengkapi kalimat tersebut adalah,C1 - Pengetahuan
Tanda baca yang diperlukan untuk melengkapi kalimat tersebut adalah ...,C1 - Pengetahuan
Penulisan tanda baca yang tepat pada paragraf tersebut adalah,C1 - Pengetahuan
Kesalahan penggunaan tanda baca pada kalimat tersebut adalah ....,C1 - Pengetahuan
Penulisan tanda baca yang tepat pada kalimat tersebut adalah,C1 - Pengetahuan
Penulisan tanda baca yang benar pada kalimat tersebut adalah sebagai berikut...,C1 - Pengetahuan
Tanda baca yang tepat untuk kalimat tersebut adalah ....,C1 - Pengetahuan
Kalimat yang menggunakan tanda baca titik dua (:) yang benar adalah ....,C1 - Pengetahuan
Berikut adalah contoh kalimat yang menggunakan tanda baca titik dua (:) dengan benar ....,C1 - Pengetahuan
Penggunaan tanda baca yang benar adalah ....,C1 - Pengetahuan
Penggunaan tanda baca yang tepat adalah ....,C1 - Pengetahuan
Penggunaan huruf kapital yang tepat terdapat pada kalimat ....,C1 - Pengetahuan
Penggunaan huruf kapital yang benar dapat ditemukan pada kalimat ....,C1 - Pengetahuan
Penggunaan tanda baca yang tepat terdapat pada kalimat ....,C1 - Pengetahuan
Perbaikan penggunaan tanda baca pada kalimat di atas adalah,C1 - Pengetahuan
Tanda baca yang tepat untuk kalimat yang bergaris bawah adalah ....,C1 - Pengetahuan
Tanda baca yang tepat untuk kalimat yang ditunjukkan dengan garis bawah adalah ....,C1 - Pengetahuan
Tanda baca yang tepat untuk melengkapi kalimat tersebut adalah ....,C1 - Pengetahuan
Tanda baca yang diperlukan untuk melengkapi kalimat di atas adalah ....,C1 - Pengetahuan
Perbaikan penggunaan tanda baca kalimat tersebut adalah ....,C1 - Pengetahuan
Kesalahan penggunaan tanda baca terjadi pada tanda ....,C1 - Pengetahuan
Tanda baca yang tepat untuk melengkapi kalimat di atas adalah ....,C1 - Pengetahuan
Tanda baca yang diperlukan untuk melengkapi kalimat di atas adalah ....,C1 - Pengetahuan
Perbaikan tanda baca yang tepat untuk kalimat di atas adalah ....,C1 - Pengetahuan
Kesalahan penggunaan tanda baca pada kalimat tersebut adalah ....,C1 - Pengetahuan
Kesalahan dalam penggunaan tanda baca pada kalimat tersebut adalah ....,C1 - Pengetahuan
Tanda baca yang benar sesuai dengan kaidah adalah ....,C1 - Pengetahuan
Tanda baca yang tepat dan sesuai dengan kaidah adalah ....,C1 - Pengetahuan
Tanda baca yang sesuai dengan kaidah dan benar untuk kalimat tersebut adalah ....,C1 - Pengetahuan
Perbaikan penggunaan tanda baca yang tepat pada kalimat tersebut adalah ....,C1 - Pengetahuan
Berikut adalah perbaikan penggunaan tanda baca yang tepat pada kalimat tersebut...,C1 - Pengetahuan
Penggunaan tanda baca yang tidak tepat pada kalimat tersebut adalah …,C1 - Pengetahuan
Penulisan tanda baca yang benar pada kalimat tersebut adalah sebagai berikut...,C1 - Pengetahuan
Penulisan tanda baca yang tepat pada kalimat tersebut adalah ....,C1 - Pengetahuan
Perbaikan kesalahan penggunaan tanda baca pada kalimat tersebut adalah ....,C1 - Pengetahuan
Berikut adalah perbaikan kesalahan penggunaan tanda baca pada kalimat tersebut...,C1 - Pengetahuan
Perbaikan penulisan kata yang bercetak tebal adalah ....,C1 - Pengetahuan
Perbaikan kata yang tercetak miring pada kalimat tersebut yang tepat adalah ....,C1 - Pengetahuan
Penggunaan kata baku yang tepat pada paragraf tersebut adalah ....,C1 - Pengetahuan
Antonim kata keras pada kalimat tersebut adalah,C2 - Pemahaman
"Antonim dari kata ""keras"" dalam kalimat tersebut adalah ....",C2 - Pemahaman
Antonim kata bongsor pada kalimat tersebut adalah,C2 - Pemahaman
"Antonim dari kata ""bongsor"" dalam kalimat tersebut adalah ....",C2 - Pemahaman
Sinonim kata yang dicetak tebal adalah,C2 - Pemahaman
Kata yang memiliki sinonim dengan kata yang dicetak tebal tersebut adalah ....,C2 - Pemahaman
Antonim kata pendek dalam kalimat tersebut adalah ....,C2 - Pemahaman
"Antonim dari kata ""pendek"" dalam kalimat tersebut adalah ....",C2 - Pemahaman
Antonim kata hadiah adalah ....,C2 - Pemahaman
Antonim dari kata meningkat adalah …,C2 - Pemahaman
"Antonim dari kata ""negatif"" dalam paragraf di atas adalah ....",C2 - Pemahaman
Antonim dari kata negatif dalam paragraf di atas adalah …,C2 - Pemahaman
"Antonim dari kata ""negatif"" yang terdapat dalam paragraf tersebut adalah ....",C2 - Pemahaman
Antonim kata menghambat adalah . . .,C2 - Pemahaman
"Antonim dari kata ""menghambat"" adalah ...",C2 - Pemahaman
Sinonim menodongkan pada kalimat tersebut adalah ....,C2 - Pemahaman
"Sinonim dari kata ""mengarahkan"" dalam kalimat tersebut adalah ....",C2 - Pemahaman
Sinonim kata ditunda dalam kalimat tersebut adalah ....,C2 - Pemahaman
Sinonim kata lapuk adalah ....,C2 - Pemahaman
Antonim kata punah pada paragraf tersebut adalah ....,C2 - Pemahaman
Makna kata jasa pada paragraf di atas adalah,C2 - Pemahaman
Makna resistan pada paragraf tersebut adalah,C2 - Pemahaman
Makna kata suporter dalam paragraf tersebut adalah ....,C2 - Pemahaman
Makna kata limbah pada paragraf tersebut adalah ....,C2 - Pemahaman
Arti kata lestari dalam paragraf di atas adalah ....,C2 - Pemahaman
Arti kata pengganti dalam kalimat ini adalah …,C2 - Pemahaman
Arti dari kata radiasi dalam paragraf di atas adalah …,C2 - Pemahaman
Arti kata yang bergaris bawah dalam kalimat di atas adalah ....,C2 - Pemahaman
Makna kata gizi pada paragraf di atas adalah ....,C2 - Pemahaman
Makna istilah nutrisi dalam paragraf tersebut adalah makanan ....,C2 - Pemahaman
Makna kata warung hidup pada paragraf tersebut adalah ....,C2 - Pemahaman
Makna kata solusi pada paragraf tersebut adalah ....,C2 - Pemahaman
Makna kata bahaya pada paragraf tersebut adalah ....,C2 - Pemahaman
Makna kata biofuel pada paragraf tersebut adalah ....,C2 - Pemahaman
Makna kata vaksin pada paragraf tersebut adalah …,C2 - Pemahaman
Makna kata sebatangkara pada cerita tersebut adalah ...,C2 - Pemahaman
Makna lokomotif pada cerita tersebut adalah,C2 - Pemahaman
Makna kias kata bunga negeri pada puisi tersebut adalah,C2 - Pemahaman
Manusia jangan melangit tinggi. Makna melangit pada kalimat tersebut adalah ....,C2 - Pemahaman
Makna dari kata kias jendela yang terdapat di dalam puisi diatas adalah ….,C2 - Pemahaman
Makna simbol lalu lintas di atas adalah ....,C2 - Pemahaman
Makna kata kias merah pada syair di atas adalah ....,C2 - Pemahaman
"Makna yang terkandung dalam kata kias ""merah"" pada syair di atas adalah ....",C2 - Pemahaman
Kata tanggalkan pada puisi di atas maknanya ....,C2 - Pemahaman
Makna kata hati pada penggalan syair tersebut adalah ....,C2 - Pemahaman
Makna kata kias membilang adalah ....,C2 - Pemahaman
Makna idaman pada syair tersebut adalah ....,C2 - Pemahaman
Susunan yang tepat untuk petunjuk tersebut adalah …,C2 - Pemahaman
Berikut adalah urutan yang benar untuk petunjuk tersebut...,C2 - Pemahaman
Urutan petunjuk penggunaan pelembab wajah yang tepat adalah ….,C2 - Pemahaman
Urutan petunjuk yang tepat terkait penggunaan pompa ban adalah,C2 - Pemahaman
Berikut adalah urutan yang tepat terkait penggunaan pompa ban...,C2 - Pemahaman
Urutan petunjuk pembuatan telur asin yang tepat adalah .,C2 - Pemahaman
Urutan penggunaan blender yang tepat adalah ....,C2 - Pemahaman
Urutan petunjuk membuat bakso daging yang tepat adalah ....,C2 - Pemahaman
Urutan petunjuk penggunaan alat di bawah ini yang tepat adalah....,C2 - Pemahaman
Berikut ini adalah urutan yang tepat untuk penggunaan alat di bawah ini...,C2 - Pemahaman
Urutan yang tepat cara membuat jus apel adalah . . . .,C2 - Pemahaman
Berikut ini adalah urutan yang benar untuk cara membuat jus apel...,C2 - Pemahaman
Urutan petunjuk penggunaan sabuk pengaman yang tepat adalah ....,C2 - Pemahaman
Urutan cara membuat teh celup manis yang tepat adalah ....,C2 - Pemahaman
Urutan petunjuk menggunakan pompa ban sepeda yang tepat adalah ....,C2 - Pemahaman
Susunan petunjuk mengarang yang tepat adalah ....,C2 - Pemahaman
Urutan penggunaan sepatu bertali yang tepat adalah ....,C2 - Pemahaman
Urutan petunjuk membuat lem kertas yang tepat adalah ....,C2 - Pemahaman
Urutan penggunaan sabun cuci tangan yang tepat adalah ....,C2 - Pemahaman
Urutan petunjuk menggunakan menghidupkan komputer dengan tepat adalah ....,C2 - Pemahaman
Kalimat utama paragraf tersebut adalah,C2 - Pemahaman
Kalimat inti dari paragraf tersebut adalah ...,C2 - Pemahaman
Kalimat utama paragraf terdapat pada nomor ….,C2 - Pemahaman
Kalimat inti dari paragraf dapat ditemukan pada nomor ....,C2 - Pemahaman
Kalimat utama dari paragraf tersebut adalah …,C2 - Pemahaman
Kalimat inti yang terdapat dalam paragraf tersebut adalah ...,C2 - Pemahaman
Kalimat utama paragraf tersebut terdapat pada nomor ....,C2 - Pemahaman
Kalimat utama paragraf tersebut adalah ....,C2 - Pemahaman
Kalimat inti dari paragraf tersebut adalah ....,C2 - Pemahaman
Maksud syair tersebut adalah …,C2 - Pemahaman
Maksud dari syair tersebut dapat dijelaskan sebagai ....,C2 - Pemahaman
Maksud dari syair tersebut adalah ...,C2 - Pemahaman
Tujuan dari syair tersebut adalah ...,C2 - Pemahaman
Maksud pernyataan yang dicetak tebal pada cerita tersebut adalah,C2 - Pemahaman
Maksud dari pernyataan yang dicetak tebal dalam cerita tersebut adalah ...,C2 - Pemahaman
Maksud pernyataan dalam penggalan cerita tersebut adalah ....,C2 - Pemahaman
Tujuan dari pernyataan dalam penggalan cerita tersebut adalah ....,C2 - Pemahaman
Maksud dari pernyataan dalam penggalan cerita tersebut adalah ....,C2 - Pemahaman
Maksud pernyataan tersebut adalah ....,C2 - Pemahaman
Tujuan dari pernyataan tersebut adalah ....,C2 - Pemahaman
Maksud dari pernyataan Pengaruh radiasi nuklir tidak hanya terjadi dalam kasus ledakan atau kebocoran adalah ….,C2 - Pemahaman
Maksud pernyataan Apakah kamu pikir saya takut kepada kamu yang disebut sebagai Raja Hutan? Pada cerita tersebut adalah ....,C2 - Pemahaman
"Maksud pernyataan Tanpa berpikir panjang , gadis kecil itu melepaskan tutup kepalanya adalah ....",C2 - Pemahaman
Isi iklan tersebut adalah…,C2 - Pemahaman
Informasi yang terdapat dalam iklan tersebut adalah ...,C2 - Pemahaman
Isi laporan tersebut adalah ....,C2 - Pemahaman
Isi laporan di atas adalah ....,C2 - Pemahaman
Isi cuplikan laporan tersebut adalah ....,C2 - Pemahaman
Informasi yang terdapat dalam cuplikan laporan tersebut adalah ....,C2 - Pemahaman
Isi pengumuman di atas adalah…,C2 - Pemahaman
Konten dari pengumuman di atas meliputi ...,C2 - Pemahaman
Isi pidato tersebut adalah ....,C2 - Pemahaman
Konten dalam pidato tersebut meliputi ....,C2 - Pemahaman
Kalimat yang tepat untuk melengkapi percakapan tersebut adalah ....,C3 - Aplikasi
Kalimat yang tepat untuk melengkapi percakapan tersebut adalah ....,C3 - Aplikasi
Kata yang tepat untuk melengkapi kalimat tersebut ....,C3 - Aplikasi
Kata yang tepat untuk melengkapi kalimat diatas adalah ....,C3 - Aplikasi
Kata bentukan yang tepat untuk melengkapi kalimat tersebut adalah …,C3 - Aplikasi
Istilah yang tepat untuk melengkapi bacaan tersebut adalah....,C3 - Aplikasi
Perbaikan kata yang bercetak miring pada kalimat tersebut dengan tepat adalah ....,C3 - Aplikasi
Kata yang tepat untuk melengkapi kalimat tersebut adalah,C3 - Aplikasi
Kesalahan penggunaan kata baku pada paragraf tersebut adalah,C3 - Aplikasi
Perbaikan kesalahan penggunaan istilah pada paragraf tersebut adalah,C3 - Aplikasi
istilah yang tepat untuk melengkapi kalimat tersebut adalah,C3 - Aplikasi
Istilah yang tepat untuk melengkapi paragraf tersebut adalah ....,C3 - Aplikasi
"Penulisan kata kuitansi, kuwintal, dan inport yang tepat untuk kalimat tersebut adalah ....",C3 - Aplikasi
"Energi alternatif dapat menghemat energi fosil. Energi ... sebagai pengganti solar. Bahan pembuatanenergi ini dari tumbuhan kelapa sawit, jarak, dan nyamplung.",C3 - Aplikasi
Istilah yang tepat untuk melengkapi paragraf tersebut adalah ....,C3 - Aplikasi
Istilah yang sesuai untuk melengkapi paragraf tersebut adalah ....,C3 - Aplikasi
Kata yang tepat untuk mengganti kata penghabis adalah ....,C3 - Aplikasi
Kata yang tepat untuk melengkapi kalimat tersebut adalah,C3 - Aplikasi
Istilah yang tepat untuk melengkapi paragraf tersebut adalah ....,C3 - Aplikasi
Kata yang tepat untuk melengkapi kalimat di atas adalah ....,C3 - Aplikasi
Istilah yang tepat untuk melengkapi paragraf tersebut adalah ....,C3 - Aplikasi
Kata yang tepat untuk melengkapi paragraf tersebut adalah ....,C3 - Aplikasi
Perbaikan istilah yang tepat untuk kata-kata yang di garis bawah adalah …,C3 - Aplikasi
Peribahasa yang tepat untuk melengkapi paragraf tersebut adalah,C3 - Aplikasi
Peribahasa yang sesuai dengan keadaan tersebut adalah ....,C3 - Aplikasi
Manakah peribahasa yang sesuai dengan gambaran cerita di atas ?,C3 - Aplikasi
Peribahasa yang tepat untuk ilustrasi tersebut adalah ....,C3 - Aplikasi
Peribahasa yang cocok untuk menggambarkan ilustrasi tersebut adalah ....,C3 - Aplikasi
Peribahasa yang tepat untuk melengkapi kalimat di atas adalah ....,C3 - Aplikasi
Peribahasa yang cocok untuk melengkapi kalimat di atas adalah ....,C3 - Aplikasi
Kalimat tersebut bisa diperlengkapi dengan peribahasa yang sesuai yaitu ....,C3 - Aplikasi
"Kalimat tersebut dapat dilengkapi dengan peribahasa yang sesuai, yaitu ....",C3 - Aplikasi
"Kalimat tersebut bisa diperlengkapi dengan peribahasa yang sesuai, yakni ....",C3 - Aplikasi
Peribahasa yang tepat untuk ilustrasi cerita tersebut adalah ....,C3 - Aplikasi
Peribahasa yang cocok untuk menggambarkan ilustrasi cerita tersebut adalah ....,C3 - Aplikasi
Peribahasa yang sesuai untuk menggambarkan ilustrasi cerita tersebut adalah ....,C3 - Aplikasi
Ungkapan yang tepat untuk melengkapi kalimat tersebut adalah …,C3 - Aplikasi
Ungkapan yang tepat untuk melengkapi paragraf tersebut adalah,C3 - Aplikasi
Ungkapan yang sesuai untuk melengkapi kalimat tersebut adalah ....,C3 - Aplikasi
Ungkapan yang tepat untuk melengkapi pernyataan adalah ....,C3 - Aplikasi
Ungkapan yang cocok untuk melengkapi pernyataan tersebut adalah ....,C3 - Aplikasi
Pernyataan tersebut dapat diperlengkapi dengan ungkapan yang sesuai yaitu ....,C3 - Aplikasi
"Pernyataan tersebut dapat dilengkapi dengan ungkapan yang tepat, yaitu ....",C3 - Aplikasi
Ungkapan yang sesuai dengan cerita tersebut adalah …,C3 - Aplikasi
Ungkapan yang sesuai dengan sikap Pak Rato adalah....,C3 - Aplikasi
Ungkapan yang cocok untuk menggambarkan sikap Pak Rudi adalah ....,C3 - Aplikasi
Ungkapan yang tepat untuk melengkapi kalimat tersebut adalah ....,C3 - Aplikasi
Ungkapan yang tepat untuk ilustrasi cerita tersebut adalah ....,C3 - Aplikasi
Ungkapan yang cocok untuk menggambarkan ilustrasi cerita tersebut adalah ....,C3 - Aplikasi
Ungkapan yang tepat untuk menggambarkan ilustrasi cerita tersebut adalah ....,C3 - Aplikasi
Urutan kalimat-kalimat di atas agar menjadi paragraf narasi yang padu adalah....,C3 - Aplikasi
Perbaiki struktur kalimat berikut !,C3 - Aplikasi
Susunan yang benar untuk kalimat-kalimat tersebut menjadi paragraf padu adalah,C3 - Aplikasi
Berikut adalah susunan yang benar untuk menggabungkan kalimat-kalimat tersebut menjadi sebuah paragraf yang padu...,C3 - Aplikasi
Berikut ini adalah urutan yang tepat untuk menggabungkan kalimat-kalimat tersebut menjadi sebuah paragraf yang kohesif...,C3 - Aplikasi
Penggunaan huruf kapital yang tepat adalah,C3 - Aplikasi
Penggunaan huruf kapital yang benar adalah ....,C3 - Aplikasi
Berikut ini adalah penggunaan huruf kapital yang tepat ....,C3 - Aplikasi
Perbaikan kesalahan penggunaan huruf kapital pada kalirnat bercetak rniring adalah,C3 - Aplikasi
Perbaikan yang perlu dilakukan pada kesalahan penggunaan huruf kapital pada kalimat yang dicetak miring adalah ....,C3 - Aplikasi
Susunan paragraf padu yang tepat untuk kalimat-kalimat tersebut adalah,C3 - Aplikasi
Berikut ini adalah susunan paragraf yang padu yang tepat untuk kalimat-kalimat tersebut...,C3 - Aplikasi
Susunan kalimat acak agar menjadi paragraf deskripsi adalah ....,C3 - Aplikasi
Urutan kalimat yang tepat agar menjadi paragraf narasi adalah ....,C3 - Aplikasi
Berikut adalah urutan yang tepat untuk mengubah kalimat-kalimat tersebut menjadi sebuah paragraf narasi...,C3 - Aplikasi
Urutan kalimat yang tepat agar menjadi paragraf padu adalah ....,C3 - Aplikasi
Berikut adalah urutan yang benar untuk mengubah kalimat-kalimat tersebut menjadi sebuah paragraf yang padu...,C3 - Aplikasi
Susunan kalimat acak agar menjadi paragraf deskripsi adalah ....,C3 - Aplikasi
Berikut adalah urutan yang tepat untuk mengubah kalimat-kalimat acak tersebut menjadi sebuah paragraf deskripsi yang terstruktur...,C3 - Aplikasi
Susunan kalimat acak agar menjadi paragraf narasi adalah ....,C3 - Aplikasi
Berikut adalah urutan yang benar untuk mengubah kalimat-kalimat acak tersebut menjadi sebuah paragraf narasi yang kohesif...,C3 - Aplikasi
Pembangunan Jalur Lintas Selatan Selatan (JLSS) dimanfaatkan oleh proyek spekulan tanah rawan di Bantul. Perbaikan tata kalimat tersebut adalah ....,C3 - Aplikasi
Penulisan judul karangan yang benar adalah ....,C3 - Aplikasi
Urutan kalimat yang tepat ialah…,C3 - Aplikasi
"Agar menjadi paragraf yang padu, urutan yang tepat kalimat-kalimat acak tersebut adalah ....",C3 - Aplikasi
Kalimat yang tepat untuk melengkapi surat di atas adalah . . . .,C3 - Aplikasi
Kata yang tepat untuk mengganti kata bergaris bawah adalah ....,C3 - Aplikasi
Kalimat-kalimat tersebut bila disusun menjadi paragraf yang runtut adalah ....,C3 - Aplikasi
Kalimat-kalimat acak tersebut bila disusun menjadi paragraf yang padu adalah ....,C3 - Aplikasi
Urutan kalimat yang tepat agar menjadi paragraf yang padu adalah ....,C3 - Aplikasi
Urutan kalimat agar menjadi paragraf padu adalah ....,C3 - Aplikasi
Urutan kalimat yang tepat agar menjadi paragraf yang padu adalah ....,C3 - Aplikasi
Penggunaan kata yang salah dalam paragraf tersebut adalah ....,C3 - Aplikasi
Urutan kalimat tersebut bila disusun menjadi paragraf padu adalah ....,C3 - Aplikasi
Perbaikan tata kalimat yang dicetak miring adalah …,C3 - Aplikasi
Kalimat yang tepat untuk melengkapi percakapan tersebut adalah ....,C3 - Aplikasi
Sebuah kalimat yang cocok untuk melengkapi percakapan tersebut adalah...,C3 - Aplikasi
Kalimat yang tepat untuk melengkapi cerita tersebut adalah ....,C3 - Aplikasi
Kalimat yang tepat untuk melengkapi paragraf adalah ....,C3 - Aplikasi
Isian yang tepat untuk melengkapi tabel tersebut adalah ....,C3 - Aplikasi
Isian yang sesuai untuk melengkapi tabel tersebut adalah ....,C3 - Aplikasi
Pernyataan yang sesuai isi paragraf tersebut adalah,C3 - Aplikasi
Pernyataan yang sesuai dengan isi paragraf tersebut adalah,C3 - Aplikasi
Pernyataan yang sesuai dengan isi paragraf tersebut adalah ....,C3 - Aplikasi
Pernyataan yang sesuai dengan isi teks tersebut adalah ....,C3 - Aplikasi
Pernyataan yang sesuai dengan paragraf di atas adalah ....,C3 - Aplikasi
Pernyataan yang sesuai dengan isi paragraf itu adalah …,C3 - Aplikasi
Kalimat berikut ini yang sesuai dengan paragraf pertama adalah....,C3 - Aplikasi
Pernyataan yang sesuai dengan paragraf di atas adalah …,C3 - Aplikasi
Pernyataan yang cocok dengan paragraf di atas adalah ...,C3 - Aplikasi
Pernyataan yang relevan dengan paragraf di atas adalah ...,C3 - Aplikasi
Sebuah pernyataan yang sesuai dengan paragraf sebelumnya adalah...,C3 - Aplikasi
Pernyataan yang sesuai dengan jadwal perjalanan kendaraan di atas adalah ....,C3 - Aplikasi
Kalimat yang tepat untuk menanggapi isi paragraf tersebut adalah ....,C3 - Aplikasi
Pernyataan yang sesuai dengan isi paragraf tersebut adalah ....,C3 - Aplikasi
Pernyataan yang sesuai dengan isis teks tersebut adalah ....,C3 - Aplikasi
Pernyataan yang sesuai dengan paragraf tersebut adalah ....,C3 - Aplikasi
Pernyataan yang sesuai dengan isi teks tersebut adalah ....,C3 - Aplikasi
Pernyataan yang sesuai dengan isi paragraf tersebut adalah …,C3 - Aplikasi
Isian yang tepat untuk melengkapi tabel tersebut adalah . . .,C3 - Aplikasi
"isian yang tepat untuk (1), (2), dan (3) secara berurutan adalah",C3 - Aplikasi
"Isian yang tepat untuk melengkapi tabel camilan, yoghurt, dan pemerahan adalah ....",C3 - Aplikasi
"Untuk melengkapi tabel (a), (b), (c) adalah ....",C3 - Aplikasi
Isian yang tepat untuk melengkapi tabel tersebut adalah ....,C3 - Aplikasi
"Informasi yang tepat untuk mengisi kolom 1, 2, dan 3 adalah ....",C3 - Aplikasi
"Isian tabel yang tepat untuk melengkapi (a), (b), dan (c) adalah …",C3 - Aplikasi
"Salma berumur 4 tahun. Jika ia pilek , berapa dosis untuk minum obat ini ?",C4 - Analisis
Paragraf deskripsi yang tepat berdasarkan gambar adalah,C4 - Analisis
Kalimat yang sesuai untuk mendeskripsikan gambar tersebut adalah ....,C4 - Analisis
Paragraf yang sesuai gambar tersebut adalah ....,C4 - Analisis
Kalimat yang sesuai untuk mendesrripsikan gambar tersebut adalah ....,C4 - Analisis
Kalimat yang sesuai dengan gambar tersebut adalah ....,C4 - Analisis
Jenis teks bacaan tersebut adalah…,C4 - Analisis
Jenis paragraf tersebut adalah,C4 - Analisis
Jenis paragraf tersebut adalah ....,C4 - Analisis
Jenis paragraf tersebut adalah paragraf ....,C4 - Analisis
Jenis paragraf tersebut adalah ....,C4 - Analisis
Jenis paragraf tersebut adalah ....,C4 - Analisis
Jenis paragraf tersebut adalah ....,C4 - Analisis
Paragraf tersebut merupakan jenis teks ....,C4 - Analisis
Persamaan informasi kedua teks berita tersebut adalah…,C4 - Analisis
Persamaan kedua teks tersebut adalah,C4 - Analisis
Perbedaan isi kedua teks tersebut adalah ....,C4 - Analisis
Persamaan isi kedua teks tersebut adalah ....,C4 - Analisis
Persamaan kedua teks di atas adalah ....,C4 - Analisis
Persamaan kedua teks tersebut adalah ... kegiatan.,C4 - Analisis
Persamaan kedua teks tersebut adalah ....,C4 - Analisis
Persamaan kedua teks tersebut adalah ....,C4 - Analisis
Persamaan kedua teks tersebut adalah …,C4 - Analisis
Apa yang terjadi jika Pak Hardi bukan orang yang jujur?,C4 - Analisis
Peristiwa yang akan terjadi jika Mira tidak membantu ibu memasak adalah,C4 - Analisis
Hal yang akan terjadi jika induk ayam tidak pergi ke pesta malam itu adalah ....,C4 - Analisis
Prediksi yang terjadi jika burung Nuri tidak menolong lebah adalah ....,C4 - Analisis
Hal yang akan terjadi seandainya gadis kecil itu tidak memberikan barang miliknya kepada si nenek dan anak laki-laki adalah ....,C4 - Analisis
Hal yang akan terjadi jika burung gagak tidak memasukkan batu-batu kecil kedalam kendi adalah ....,C4 - Analisis
Apa yang terjadi jika pola hidup sehat tidak dibiasakan sejak kecil?,C4 - Analisis
Hal yang akan terjadi jika para pemuda tidak mengikrarkan Sumpah Pemuda adalah,C4 - Analisis
Jika timbunan sampah dedaunan tidak diletakkan di tempat teduh yang terjadi adalah ....,C4 - Analisis
Hal yang akan terjadi jika kerusakan sungai tidak teratasi adalah ....,C4 - Analisis
Hal yang akan terjadi apabila warga tidak mengetahui bahwa membersihkan lingkungan merupakan tanggungjawab mereka sendiri adalah ....,C4 - Analisis
"Bagaimana jika di dalam tubuh kita kelebihan zat hidrat? Jika kelebihan zat hidrat, maka zat tersebut akan ....",C4 - Analisis
Ibu Andi yang lupa membawa SIM akhirnya terkena ....,C4 - Analisis
Hal yang akan terjadi jika tidak ada perubahan iklim yang ekstrim adalah ....,C4 - Analisis
Hal yang akan terjadi jika penambangan pasir di dekat jembatan terus dilakukan adalah ....,C4 - Analisis
Hal yang akan terjadi jika pelajar tidak memanfaatkan gawai dengan bijak adalah ....,C4 - Analisis
Ide pokok paragraf tersebut adalah,C4 - Analisis
Ringkasan paragraf tersebut adalah,C4 - Analisis
Ide pokok paragraf tersebut adalah ....,C4 - Analisis
Ide pokok dari paragraf diatas yaitu ….,C4 - Analisis
Ide pokok dari paragraf pertama pada teks cerita diatas adalah ….,C4 - Analisis
Ide pokok paragraf tersebut adalah ....,C4 - Analisis
Ide pokok dari paragraf di atas adalah …,C4 - Analisis
Ide pokok yang terdapat dalam paragraf ketiga adalah ....,C4 - Analisis
Ide pokok paragraf tersebut adalah ....,C4 - Analisis
Ide pokok paragraf tersebut adalah ....,C4 - Analisis
Ide pokok paragraf tersebut adalah ....,C4 - Analisis
Ide pokok paragraf tersebut adalah ....,C4 - Analisis
Nilai yang terkandung dalam cerita tersebut adalah…,C4 - Analisis
Nilai moral positif tokoh Mira pada cerita tersebut adalah,C4 - Analisis
Nilai moral positif tokoh induk ayam dalam penggalan cerita tersebut adalah ....,C4 - Analisis
Nilai moral positif tokoh Reno pada cerita tersebut adalah ....,C4 - Analisis
Nilai-nilai moral penggalan cerita tersebut adalah ....,C4 - Analisis
Nilai kebaikan dari cerita tersebut adalah ....,C4 - Analisis
Bagaimana watak Kancil dalam cerita diatas?,C4 - Analisis
Keteladanan yang patut dicontoh dari Pak Hardi adalah…,C4 - Analisis
Latar tempat cerita tersebut adalah ..„,C4 - Analisis
Watak Ardi pada cerita tersebut adalah,C4 - Analisis
Amanat cerita tersebut adalah,C4 - Analisis
Keteladanan yang ditunjukkan tokoh Reno adalah,C4 - Analisis
Tokoh utama pada cerita tersebut adalah,C4 - Analisis
Tema cerita tersebut adalah,C4 - Analisis
Tokoh utama cerita tersebut adalah ....,C4 - Analisis
Latar tempat cerita tersebut adalah ....,C4 - Analisis
Watak anak kelinci pada cerita tersebut adalah …,C4 - Analisis
Awal konflik cerita tersebut adalah ....,C4 - Analisis
Amanat yang terkandung pada cerita tersebut adalah ....,C4 - Analisis
Tema cerita tersebut adalah ....,C4 - Analisis
Latar yang digunakan dalam cerita tersebut adalah ....,C4 - Analisis
Watak burung pipit dalam cerita tersebut adalah ....,C4 - Analisis
Amanat cerita tersebut adalah ....,C4 - Analisis
"Melihat kondisi Ica, Riri amat prihatin. Baiknya uang tabunganku untuk membeli sepeda atau membantupengobatan Ica ya? Tanya Riri dalam hati. Konflik batin yang dialami Riri adalah ....",C4 - Analisis
Tema teks tersebut adalah ....,C4 - Analisis
Keteladanan yang terdapat dalam teks tersebut adalah ....,C4 - Analisis
Tokoh utama dari drama tersebut adalah …,C4 - Analisis
Drama pada soal tersebut menggunakan latar …,C4 - Analisis
Amanat dari drama ini adalah …,C4 - Analisis
Siapakah nama tokoh utama pada paragraf pertama ?,C4 - Analisis
Tokoh utama dalam teks drama di atas adalah ....,C4 - Analisis
Latar waktu dalam teks drama di atas adalah ....,C4 - Analisis
Amanat yang terkandung dalam teks drama adalah…,C4 - Analisis
Tokoh utama cerita tersebut adalah ....,C4 - Analisis
Penggalan kalimat di atas menggunakan latar ....,C4 - Analisis
Watak ular dalam cerita di atas adalah ....,C4 - Analisis
Konflik yang terdapat pada kutipan cerpen tersebut adalah ....,C4 - Analisis
Amanat cerita tersebut adalah ....,C4 - Analisis
Tema cerita tersebut adalah ....,C4 - Analisis
Tokoh utama penggalan cerita tersebut adalah ....,C4 - Analisis
Latar dalam cerita tersebut adalah ....,C4 - Analisis
Watak Pertapa pada cuplikan cerita tersebut adalah ....,C4 - Analisis
Konflik yang terdapat dalam kutipan cerita tersebut adalah ....,C4 - Analisis
Amanat penggalan cerita tersebut adalah ....,C4 - Analisis
Tema penggalan cerita tersebut adalah ....,C4 - Analisis
Tokoh utama cerita tersebut adalah ....,C4 - Analisis
Latar tempat pergumulan awal Benih Benalu terdapat di ....,C4 - Analisis
Watak pohon jambu pada cerita tersebut adalah ....,C4 - Analisis
Tokoh utama pada cerita tersebut adalah …,C4 - Analisis
Latar waktu pada cerita tersebut adalah …,C4 - Analisis
Watak anak sapi pada cerita tersebut adalah …,C4 - Analisis
Amanat dari penggalan cerita tersebut adalah …,C4 - Analisis
Keteladanan yang ditunjukkan oleh tokoh Ayah adalah ....,C4 - Analisis
Simpulan dari paragraf tersebut adalah....,C4 - Analisis
Bagaimana usaha yang dilakukan Beru agar mendapat madu dan Loli? Usaha yang dilakukan Beru adalah,C4 - Analisis
Akhir cerita tersebut adalah,C4 - Analisis
Simpulan cerita tersebut adalah,C4 - Analisis
Simpulan isi cerita di atas adalah ....,C4 - Analisis
Pernyataan yang sesuai dengan puisi di atas adalah ....,C4 - Analisis
Kesimpulan dari cerita tersebut adalah ....,C4 - Analisis
Kesimpulan cerita tersebut adalah ....,C4 - Analisis
Simpulan dari penggalan cerita tersebut adalah …,C4 - Analisis
Puncak konflik cerita tersebut adalah …,C4 - Analisis
"Berdasarkan data kuota jumlah jamaah haji untuk provinsi tersebut di atas, kuota tahun 2016 untuk provinsi Jawa Timur sebanyak... jiwa.",C4 - Analisis
Simpulan isi teks percakapan di atas adalah …,C4 - Analisis
Kesimpulan dari paragraf di atas adalah ….,C4 - Analisis
Kesimpulan dari percakapan di atas adalah …,C4 - Analisis
Pernyataan yang sesuai dengan puisi di atas adalah ....,C4 - Analisis
Kesimpulan cerita tersebut adalah ....,C4 - Analisis
Puncak konflik cerita tersebut adalah …,C4 - Analisis
"Berdasarkan data kuota jumlah jamaah haji untuk provinsi tersebut di atas, kuota tahun 2016 untuk provinsi Jawa Timur sebanyak... jiwa.",C4 - Analisis
Simpulan isi teks percakapan di atas adalah …,C4 - Analisis